{ "lis": 1.70107, "lifs": 0.95106, "lifsp": 1.64805 }
