{
  "unitcell_volume": 307.484,
  "density": 1.62239,
  "av_a3": 22.6493,
  "av_volume_fraction": 0.07366,
  "av_cm3g": 0.0454022,
  "nav_a3": 0.0,
  "nav_volume_fraction": 0.0,
  "nav_cm3g": 0.0
}
